{"Al": [0.04329910999999331, 0.04735797000000819, 0.011910569999998177, -0.005280760000004658, 0.0], "Sc": [0.129971500000011, 0.06198008000001198, 0.007168280000002025, -0.010980920000007943, 0.0], "Ti": [0.08577615999999377, 0.029676889999989964, -0.0022361600000240234, -0.004251420000003225, 0.0], "V": [-0.019823879999989913, -0.01494966999999292, -0.00886184000000867, 0.003203890000009313, 0.0], "Cr": [-0.10522485999999276, -0.057897469999999895, -0.00394635000000676, -0.0033471499999957466, 0.0], "Mn": [0.15157490000001395, 0.07570351000001097, 0.01583770000002005, -0.004836769999997159, 0.0], "Fe": [0.11039495999997895, 0.04531198999998787, 0.005997559999996849, -0.00018201000000317435, 0.0], "Co": [0.0, 0.0, 0.0, 0.0, 0.0], "Ni": [-0.006899659999987762, -0.02142582999999787, 0.007571700000000181, -0.009192739999974942, 0.0], "Cu": [0.050341900000006046, -0.012309299999998746, 0.0070367300000100386, -0.013580249999989746, 0.0], "Zn": [0.05777517000001353, 0.006706199999996443, 0.006893490000010161, -0.012691649999993615, 0.0], "Y": [0.13968847000001006, 0.05754201999999875, -0.001434810000007225, -0.011715519999996094, 0.0], "Zr": [0.12765258999999718, 0.03879030000001604, -0.00679341, -0.010349869999998873, 0.0], "Nb": [0.07642561000000114, 0.009821920000007811, -0.011463779999985046, -0.003478269999988015, 0.0], "Mo": [-0.01530188999999016, -0.024659900000018276, -0.01242395999997914, 0.005487870000023598, 0.0], "Tc": [-0.06782393000000297, -0.032954710000013154, -0.00859096000002113, 0.003946729999995124, 0.0], "Ru": [-0.004704750000001923, 0.010125719999991123, -0.0024674600000189617, -0.0029015100000149285, 0.0], "Rh": [-0.009494609999990002, -0.009983409999990003, 0.0009221500000079971, -0.00867783999999, 0.0], "Pd": [0.03184744999998612, -0.019051030000015068, 0.0079554499999972, -0.016775220000027957, 0.0], "Ag": [0.096344529999981, -0.0003011800000090048, 0.008170689999985825, -0.021081520000024057, 0.0], "Cd": [0.11595568000001322, 0.018279040000010127, 0.0034938000000011016, -0.01881441999998401, 0.0], "Hf": [0.13302749999999808, 0.04274426000000675, -0.005215039999995952, -0.010146099999984948, 0.0], "Ta": [0.09046284000004334, 0.01405622000004314, -0.011760489999971924, -0.003381380000007539, 0.0], "W": [0.01076341999998931, -0.01971982000003436, -0.013800660000015341, 0.006624009999995906, 0.0], "Re": [-0.056867609999983415, -0.0392379099999971, -0.008323440000026494, 0.010975889999997435, 0.0], "Os": [-0.06519393999997192, -0.029832699999985834, -0.008984499999996842, 0.002294849999998849, 0.0], "Ir": [-0.024442789999995274, -0.012865269999992268, -0.002906859999996181, -0.008023969999983116, 0.0], "Pt": [0.005792589999998987, -0.02599440000000197, 0.0037022900000069914, -0.014894849999990023, 0.0], "Au": [0.08196598000000677, -0.012238190000005034, 0.007758319999993546, -0.020491050000003952, 0.0], "Hg": [0.12857854999998608, 0.007005060000011554, 0.0012288599999976668, -0.021118720000004032, 0.0]}