{"Al": [-0.042281870000010005, -0.021596740000006, 0.003836510000014004, -0.0005523499999919995, 0.0], "Sc": [-0.07875823000000493, -0.05328592000000687, 0.004630469999995057, 0.0016787600000041092, 0.0], "Ti": [-0.070047670000009, -0.055214090000021976, -0.0007423600000042718, 0.0012477399999957228, 0.0], "V": [-0.08086916999999971, -0.05239577000000395, -0.003735509999984288, 0.0012450199999989309, 0.0], "Cr": [-0.039838279999997894, -0.04240834999998766, -0.006343529999981001, -0.0012084299999917114, 0.0], "Mn": [-0.030013529999989963, -0.036887869999985945, -0.0017728599999879968, -0.002654739999996991, 0.0], "Fe": [-0.03694358000001374, -0.03239841999999271, -0.00335622000000102, -0.0032834200000029234, 0.0],"Co":[-0.03359, -0.01432, -0.00292, -0.00029,  0.0     ], "Cu": [-0.021536560000015914, -0.010711640000010902, 0.005627759999982107, 0.0030333899999850367, 0.0], "Zn": [-0.034411349999999175, -0.014064130000009278, 0.006790569999991725, 0.0011980199999750418, 0.0], "Y": [-0.10861284999998594, -0.06353841000000698, 0.008317010000013003, 0.003500290000005013, 0.0], "Zr": [-0.09455103999999892, -0.06738902000000735, 0.0034899499999880845, 0.0041850499999900315, 0.0], "Nb": [-0.09850109999999379, -0.06842162999998891, 0.00018961000000672357, 0.0033244800000034047, 0.0], "Mo": [-0.11813502999999059, -0.06624941999999034, -0.0031119100000012168, 0.0033689200000139863, 0.0], "Tc": [-0.11235583999999221, -0.046541289999993296, -0.004910529999989421, 0.0024822800000094958, 0.0], "Ru": [-0.0733736599999868, -0.02425930999999082, -0.0022815599999996827, 0.0004662200000211669, 0.0], "Rh": [-0.04154859999999916, -0.009401870000005141, -0.00128850999999508, 0.0007340799999999703, 0.0], "Pd": [-0.01708227999998202, 0.0009920800000039476, 0.0020751900000000045, -0.0010454899999949863, 0.0], "Ag": [-0.03682077999999933, -0.01174462000000176, 0.008714830000002394, 0.0004345699999817043, 0.0], "Cd": [-0.04648506999998858, -0.015441839999994045, 0.011916850000005752, 0.0021106500000200867, 0.0], "Hf": [-0.08989320000000589, -0.06858106000001385, -0.001244310000004134, 0.001551059999997051, 0.0], "Ta": [-0.09106546000001003, -0.0724429599999894, -0.0033138299999961873, 0.0016360600000098202, 0.0], "W": [-0.10975497999999106, -0.07352485999999203, -0.005719209999995201, 0.003508909999993648, 0.0], "Re": [-0.12915717000001337, -0.06478566000001251, -0.006641240000021753, 0.004606979999977057, 0.0], "Os": [-0.08360078999999132, -0.020960070000000997, 0.004376700000022993, 0.011228030000012268, 0.0], "Ir": [-0.06274156999998581, -0.009563159999999016, -0.0009793399999868946, 0.0009861600000249382, 0.0], "Pt": [-0.015505180000019103, 0.002800350000000895, 0.0002957999999749772, -0.00043592000000103326, 0.0], "Au": [-0.025629860000008886, -0.012704470000016954, 0.007647899999995378, -0.000943610000006867, 0.0],"Hg": [-0.04278, -0.01309, 0.0112, 0.00145, 0.0], "Ni":[0,0,0,0,0]}